{
    "best_H": [
        [
            0.003173528147870663,
            -0.0004049537194972986,
            0.19653005038997826
        ],
        [
            0.00012756300625918439,
            0.0025832166316753944,
            0.9804823825842887
        ],
        [
            1.8166217915371744e-07,
            -1.1008711712574468e-06,
            0.0036485867672040396
        ]
    ],
    "inliers": [
        1,
        3,
        5,
        6,
        7,
        8,
        10,
        11,
        13,
        14,
        15,
        16,
        18,
        19,
        20,
        21,
        23,
        24,
        26,
        27,
        28,
        30,
        31,
        32,
        33,
        35,
        36,
        38,
        39,
        40,
        41,
        42,
        43,
        47,
        48,
        50,
        53,
        54,
        59,
        60,
        61,
        63,
        64,
        65,
        67,
        70,
        72,
        73,
        74,
        76,
        81,
        82,
        83,
        85,
        86,
        87,
        89,
        90,
        91,
        92,
        94,
        95,
        96,
        97,
        100,
        101,
        102,
        108,
        113,
        114,
        116,
        119,
        120,
        121,
        124,
        125,
        127,
        128,
        129,
        130,
        131,
        133,
        137,
        139,
        141,
        142,
        143,
        146,
        147,
        148,
        149,
        152,
        154,
        156,
        163,
        165,
        166,
        169,
        170,
        173,
        174,
        175,
        178,
        180,
        182,
        183,
        186,
        187,
        189,
        190,
        191,
        193,
        196,
        198,
        203,
        205,
        207,
        211,
        220,
        221,
        222,
        228,
        230,
        231,
        235,
        236,
        237,
        240,
        242,
        246,
        247,
        248,
        249,
        253,
        254,
        255,
        256,
        257,
        258,
        259,
        261,
        262,
        264,
        265,
        266,
        267,
        269,
        272,
        273,
        274,
        275,
        276,
        278,
        279,
        281,
        288,
        292,
        293,
        294,
        296,
        298,
        299,
        300
    ]
}