{
    "best_H": [
        [
            -0.004863694934767777,
            -0.0007369582435112218,
            0.46458222189035636
        ],
        [
            0.00039232356533442335,
            -0.005303176027791401,
            0.8854905736785919
        ],
        [
            -3.4008058731626635e-08,
            -1.1005944471736409e-06,
            -0.004162547168914625
        ]
    ],
    "inliers": [
        0,
        1,
        2,
        3,
        4,
        5,
        6,
        7,
        8,
        9,
        10,
        11,
        12,
        13,
        15,
        16,
        17,
        18,
        19,
        20,
        21,
        22,
        23,
        24,
        25,
        26,
        27,
        28,
        29,
        30,
        32,
        33,
        34,
        35,
        37,
        38,
        39,
        40,
        41,
        42,
        43,
        44,
        45,
        46,
        47,
        48,
        49,
        50,
        51,
        52,
        53,
        54,
        55,
        56,
        57,
        58,
        60,
        61,
        62,
        63,
        64,
        65,
        66,
        67,
        68,
        69,
        71,
        72,
        73,
        74,
        75,
        76,
        77,
        78,
        79,
        80,
        82,
        84,
        85,
        86,
        87,
        88,
        89,
        90,
        91,
        92,
        93,
        94,
        95,
        96,
        97,
        99,
        100,
        101,
        102,
        103,
        104,
        105,
        106,
        107,
        108,
        111,
        112,
        113,
        115,
        116,
        117,
        118,
        119,
        120,
        121,
        122,
        123,
        124,
        125,
        126,
        127,
        128,
        129,
        131,
        133,
        134,
        135,
        136,
        137,
        138,
        139,
        140,
        141,
        142,
        143,
        144,
        145,
        146,
        147,
        148,
        149,
        152,
        153,
        154,
        155,
        156,
        157,
        158,
        159,
        160,
        161,
        163,
        167,
        168,
        170,
        171,
        177,
        178,
        179,
        180,
        182,
        185,
        188,
        189,
        190,
        191,
        192,
        193,
        194,
        197
    ]
}